{"evaluation": {"episode_reward_max": 43.0, "episode_reward_min": -89.0, "episode_reward_mean": -8.7, "episode_len_mean": 76.0, "episode_media": {}, "episodes_this_iter": 10, "policy_reward_min": {}, "policy_reward_max": {}, "policy_reward_mean": {}, "custom_metrics": {}, "hist_stats": {"episode_reward": [-45.0, -89.0, -12.0, -12.0, 43.0, 10.0, -12.0, 32.0, 21.0, -23.0], "episode_lengths": [76, 76, 76, 76, 76, 76, 76, 76, 76, 76]}, "sampler_perf": {"mean_raw_obs_processing_ms": 0.16891940664524477, "mean_inference_ms": 9.599692248170228, "mean_action_processing_ms": 0.07854592001234498, "mean_env_wait_ms": 0.04122573662054836, "mean_env_render_ms": 0.0}, "num_faulty_episodes": 0, "connector_metrics": {"ObsPreprocessorConnector_ms": 0.004370212554931641, "StateBufferConnector_ms": 0.0026869773864746094, "ViewRequirementAgentConnector_ms": 0.0777578353881836}, "num_agent_steps_sampled_this_iter": 760, "num_env_steps_sampled_this_iter": 760, "timesteps_this_iter": 760, "num_healthy_workers": 1, "num_in_flight_async_reqs": 0, "num_remote_worker_restarts": 0}, "custom_metrics": {}, "episode_media": {}, "info": {"learner": {"default_policy": {"learner_stats": {"cur_kl_coeff": 0.20000000298023224, "cur_lr": 9.999999747378752e-05, "total_loss": 8.458048820495605, "policy_loss": -0.005833354312926531, "vf_loss": 8.463048934936523, "vf_explained_var": 0.0020748181268572807, "kl": 0.004167407751083374, "entropy": 2.9917099475860596, "entropy_coeff": 0.0}, "custom_metrics": {}, "num_agent_steps_trained": 125.0, "num_grad_updates_lifetime": 480.5, "diff_num_grad_updates_vs_sampler_policy": 479.5}}, "num_env_steps_sampled": 4000, "num_env_steps_trained": 4000, "num_agent_steps_sampled": 4000, "num_agent_steps_trained": 4000}, "sampler_results": {"episode_reward_max": 65.0, "episode_reward_min": -111.0, "episode_reward_mean": 1.5384615384615385, "episode_len_mean": 76.0, "episode_media": {}, "episodes_this_iter": 52, "policy_reward_min": {}, "policy_reward_max": {}, "policy_reward_mean": {}, "custom_metrics": {}, "hist_stats": {"episode_reward": [-89.0, -23.0, -12.0, 32.0, -12.0, -45.0, -23.0, -23.0, -23.0, -111.0, -56.0, -67.0, -12.0, -12.0, 21.0, 54.0, -1.0, 43.0, -1.0, -1.0, -78.0, -1.0, 43.0, 10.0, -1.0, -1.0, 65.0, 32.0, 10.0, 43.0, -1.0, 10.0, -23.0, 43.0, 32.0, 21.0, -1.0, 32.0, 43.0, -1.0, -56.0, 54.0, 43.0, 54.0, 54.0, 21.0, -34.0, 10.0, 21.0, 21.0, 10.0, -34.0], "episode_lengths": [76, 76, 76, 76, 76, 76, 76, 76, 76, 76, 76, 76, 76, 76, 76, 76, 76, 76, 76, 76, 76, 76, 76, 76, 76, 76, 76, 76, 76, 76, 76, 76, 76, 76, 76, 76, 76, 76, 76, 76, 76, 76, 76, 76, 76, 76, 76, 76, 76, 76, 76, 76]}, "sampler_perf": {"mean_raw_obs_processing_ms": 0.18220971566800687, "mean_inference_ms": 9.043969264241404, "mean_action_processing_ms": 0.07571985768664034, "mean_env_wait_ms": 0.03884661587975199, "mean_env_render_ms": 0.0}, "num_faulty_episodes": 0, "connector_metrics": {"ObsPreprocessorConnector_ms": 0.004084293658916767, "StateBufferConnector_ms": 0.0028165487142709587, "ViewRequirementAgentConnector_ms": 0.08070147954500638}}, "episode_reward_max": 65.0, "episode_reward_min": -111.0, "episode_reward_mean": 1.5384615384615385, "episode_len_mean": 76.0, "episodes_this_iter": 52, "policy_reward_min": {}, "policy_reward_max": {}, "policy_reward_mean": {}, "hist_stats": {"episode_reward": [-89.0, -23.0, -12.0, 32.0, -12.0, -45.0, -23.0, -23.0, -23.0, -111.0, -56.0, -67.0, -12.0, -12.0, 21.0, 54.0, -1.0, 43.0, -1.0, -1.0, -78.0, -1.0, 43.0, 10.0, -1.0, -1.0, 65.0, 32.0, 10.0, 43.0, -1.0, 10.0, -23.0, 43.0, 32.0, 21.0, -1.0, 32.0, 43.0, -1.0, -56.0, 54.0, 43.0, 54.0, 54.0, 21.0, -34.0, 10.0, 21.0, 21.0, 10.0, -34.0], "episode_lengths": [76, 76, 76, 76, 76, 76, 76, 76, 76, 76, 76, 76, 76, 76, 76, 76, 76, 76, 76, 76, 76, 76, 76, 76, 76, 76, 76, 76, 76, 76, 76, 76, 76, 76, 76, 76, 76, 76, 76, 76, 76, 76, 76, 76, 76, 76, 76, 76, 76, 76, 76, 76]}, "sampler_perf": {"mean_raw_obs_processing_ms": 0.18220971566800687, "mean_inference_ms": 9.043969264241404, "mean_action_processing_ms": 0.07571985768664034, "mean_env_wait_ms": 0.03884661587975199, "mean_env_render_ms": 0.0}, "num_faulty_episodes": 0, "connector_metrics": {"ObsPreprocessorConnector_ms": 0.004084293658916767, "StateBufferConnector_ms": 0.0028165487142709587, "ViewRequirementAgentConnector_ms": 0.08070147954500638}, "num_healthy_workers": 1, "num_in_flight_async_reqs": 0, "num_remote_worker_restarts": 0, "num_agent_steps_sampled": 4000, "num_agent_steps_trained": 4000, "num_env_steps_sampled": 4000, "num_env_steps_trained": 4000, "num_env_steps_sampled_this_iter": 4000, "num_env_steps_trained_this_iter": 4000, "timesteps_total": 4000, "num_steps_trained_this_iter": 4000, "agent_timesteps_total": 4000, "timers": {"training_iteration_time_ms": 69512.833, "sample_time_ms": 37408.517, "learn_time_ms": 32096.372, "learn_throughput": 124.625, "synch_weights_time_ms": 6.585}, "counters": {"num_env_steps_sampled": 4000, "num_env_steps_trained": 4000, "num_agent_steps_sampled": 4000, "num_agent_steps_trained": 4000}, "done": true, "episodes_total": 52, "training_iteration": 1, "trial_id": "ac2cb_00022", "date": "2023-05-31_02-48-34", "timestamp": 1685490514, "time_this_iter_s": 77.10217070579529, "time_total_s": 77.10217070579529, "pid": 51324, "hostname": "Ozans-MacBook-Pro.local", "node_ip": "127.0.0.1", "config": {"extra_python_environs_for_driver": {}, "extra_python_environs_for_worker": {}, "num_gpus": 0, "num_cpus_per_worker": 1, "num_gpus_per_worker": 0, "_fake_gpus": false, "num_learner_workers": 0, "num_gpus_per_learner_worker": 0, "num_cpus_per_learner_worker": 1, "local_gpu_idx": 0, "custom_resources_per_worker": {}, "placement_strategy": "PACK", "eager_tracing": false, "eager_max_retraces": 20, "tf_session_args": {"intra_op_parallelism_threads": 2, "inter_op_parallelism_threads": 2, "gpu_options": {"allow_growth": true}, "log_device_placement": false, "device_count": {"CPU": 1}, "allow_soft_placement": true}, "local_tf_session_args": {"intra_op_parallelism_threads": 8, "inter_op_parallelism_threads": 8}, "env": "Supermarket", "env_config": {}, "observation_space": null, "action_space": null, "env_task_fn": null, "render_env": false, "clip_rewards": null, "normalize_actions": true, "clip_actions": false, "disable_env_checking": false, "is_atari": false, "auto_wrap_old_gym_envs": true, "num_envs_per_worker": 1, "sample_collector": "<class 'ray.rllib.evaluation.collectors.simple_list_collector.SimpleListCollector'>", "sample_async": false, "enable_connectors": true, "rollout_fragment_length": "auto", "batch_mode": "truncate_episodes", "remote_worker_envs": false, "remote_env_batch_wait_ms": 0, "validate_workers_after_construction": true, "preprocessor_pref": "deepmind", "observation_filter": "NoFilter", "synchronize_filters": true, "compress_observations": false, "enable_tf1_exec_eagerly": false, "sampler_perf_stats_ema_coef": null, "gamma": 0.95, "lr": 0.0001, "train_batch_size": 4000, "model": {"_disable_preprocessor_api": false, "_disable_action_flattening": false, "fcnet_hiddens": [16, 16], "fcnet_activation": "tanh", "conv_filters": null, "conv_activation": "relu", "post_fcnet_hiddens": [], "post_fcnet_activation": "relu", "free_log_std": false, "no_final_linear": false, "vf_share_layers": false, "use_lstm": false, "max_seq_len": 20, "lstm_cell_size": 256, "lstm_use_prev_action": false, "lstm_use_prev_reward": false, "_time_major": false, "use_attention": false, "attention_num_transformer_units": 1, "attention_dim": 64, "attention_num_heads": 1, "attention_head_dim": 32, "attention_memory_inference": 50, "attention_memory_training": 50, "attention_position_wise_mlp_dim": 32, "attention_init_gru_gate_bias": 2.0, "attention_use_n_prev_actions": 0, "attention_use_n_prev_rewards": 0, "framestack": true, "dim": 84, "grayscale": false, "zero_mean": true, "custom_model": null, "custom_model_config": {}, "custom_action_dist": null, "custom_preprocessor": null, "encoder_latent_dim": null,